	colon1_T	colon2_T	colon3_T	intestine1_T	intestine2_T	intestine3_T	liver1_T	liver2_T	liver3_T
A[C>A]A	1	3	3	2	3	4	6	8	1
A[C>A]C	1	3	0	1	3	2	3	5	1
A[C>A]G	1	4	2	0	2	1	1	8	1
A[C>A]T	1	6	1	3	9	3	2	9	0
C[C>A]A	1	0	1	1	2	0	1	6	0
C[C>A]C	0	1	2	0	5	1	0	3	1
C[C>A]G	0	3	3	0	3	1	1	4	2
C[C>A]T	0	1	2	0	4	1	0	3	0
G[C>A]A	0	3	1	0	6	1	0	15	3
G[C>A]C	0	1	1	1	4	1	3	5	0
G[C>A]G	1	2	1	0	0	0	2	7	2
G[C>A]T	1	1	1	1	4	2	1	3	0
T[C>A]A	1	1	4	4	7	7	4	8	1
T[C>A]C	1	2	1	2	2	4	2	3	1
T[C>A]G	1	2	0	1	1	2	1	5	0
T[C>A]T	2	4	2	3	2	2	3	11	2
A[C>G]A	3	10	10	5	19	6	8	10	3
A[C>G]C	0	4	4	1	6	5	1	8	4
A[C>G]G	3	5	4	1	3	3	3	6	4
A[C>G]T	2	6	11	2	6	4	5	15	1
C[C>G]A	1	7	4	0	10	6	2	15	1
C[C>G]C	2	5	3	1	3	2	1	16	2
C[C>G]G	3	1	0	0	4	2	3	1	1
C[C>G]T	3	5	3	0	6	3	0	10	2
G[C>G]A	3	6	8	1	8	2	4	12	2
G[C>G]C	0	3	2	0	2	3	1	10	0
G[C>G]G	1	2	1	0	1	0	1	3	1
G[C>G]T	1	5	2	1	2	0	1	3	2
T[C>G]A	1	2	6	0	12	6	5	11	2
T[C>G]C	1	2	4	2	8	2	3	13	4
T[C>G]G	1	2	4	0	9	3	2	4	3
T[C>G]T	3	12	13	5	19	7	3	9	7
A[C>T]A	5	14	10	5	23	17	10	19	3
A[C>T]C	2	7	4	4	7	10	6	18	5
A[C>T]G	12	44	37	6	69	46	6	21	2
A[C>T]T	4	8	6	2	10	10	4	10	3
C[C>T]A	7	10	3	6	11	11	3	18	4
C[C>T]C	2	9	4	3	18	6	3	19	7
C[C>T]G	10	29	21	4	28	21	3	13	4
C[C>T]T	6	9	9	1	14	10	13	27	5
G[C>T]A	16	45	41	15	53	48	7	11	4
G[C>T]C	6	30	23	5	34	22	7	19	2
G[C>T]G	18	62	33	3	52	35	2	8	2
G[C>T]T	10	11	18	6	35	19	4	16	1
T[C>T]A	4	11	4	1	15	7	7	17	7
T[C>T]C	2	11	11	5	13	10	10	28	8
T[C>T]G	3	28	13	5	29	19	3	10	2
T[C>T]T	2	17	6	3	12	7	6	22	3
A[T>A]A	0	4	0	0	4	1	1	10	3
A[T>A]C	0	2	0	0	3	1	0	5	3
A[T>A]G	0	1	0	0	1	1	0	1	0
A[T>A]T	1	0	2	2	5	3	1	10	1
C[T>A]A	2	0	0	0	5	2	1	1	4
C[T>A]C	0	4	0	1	0	0	4	7	1
C[T>A]G	0	1	1	0	2	2	1	2	1
C[T>A]T	0	3	1	0	4	4	0	9	1
G[T>A]A	0	1	0	2	4	1	1	3	1
G[T>A]C	0	1	1	0	2	0	1	7	0
G[T>A]G	0	0	0	1	1	0	4	1	0
G[T>A]T	0	0	0	0	2	1	4	1	1
T[T>A]A	0	2	5	0	2	3	0	6	4
T[T>A]C	1	4	0	2	6	0	0	11	2
T[T>A]G	0	1	2	0	2	1	0	5	0
T[T>A]T	1	5	7	0	6	7	4	14	6
A[T>C]A	5	12	10	4	17	3	13	34	8
A[T>C]C	0	3	7	1	9	3	6	9	0
A[T>C]G	2	9	4	0	13	5	6	19	2
A[T>C]T	3	10	3	2	10	8	5	17	1
C[T>C]A	0	8	3	0	5	2	4	16	2
C[T>C]C	1	3	1	1	6	2	3	5	0
C[T>C]G	1	2	0	0	3	1	2	8	0
C[T>C]T	2	2	3	3	3	3	4	7	0
G[T>C]A	2	4	9	1	11	3	6	22	2
G[T>C]C	2	3	1	1	3	3	3	8	1
G[T>C]G	1	3	3	2	7	2	4	8	2
G[T>C]T	0	6	4	1	4	4	6	5	2
T[T>C]A	5	11	5	1	10	8	10	20	8
T[T>C]C	2	4	3	3	7	4	0	8	0
T[T>C]G	3	3	2	2	6	8	3	12	3
T[T>C]T	1	7	3	4	12	8	2	11	1
A[T>G]A	1	1	0	0	4	1	2	5	0
A[T>G]C	0	1	3	0	1	0	0	2	0
A[T>G]G	1	3	1	0	1	0	2	2	1
A[T>G]T	1	1	0	1	0	0	2	5	3
C[T>G]A	1	0	0	0	0	0	2	4	3
C[T>G]C	1	1	0	0	0	0	0	10	1
C[T>G]G	0	2	2	0	0	0	3	1	0
C[T>G]T	1	2	1	0	5	2	2	7	3
G[T>G]A	1	2	1	1	1	3	1	3	1
G[T>G]C	2	1	1	1	1	0	3	4	0
G[T>G]G	0	1	1	1	1	0	5	0	4
G[T>G]T	1	0	5	0	4	0	2	4	1
T[T>G]A	1	2	0	0	0	5	5	5	2
T[T>G]C	0	1	1	0	1	4	0	5	0
T[T>G]G	0	1	1	0	2	2	3	2	2
T[T>G]T	1	3	6	0	6	5	2	14	3
