	CBCP00111-T1	CBCP00111-T2	CBCP00112-T1	CBCP00112-T2	CBCP00113-T1	CBCP00113-T2	CBCP00114-T1	CBCP00114-T2	CBCP00116-T1	CBCP00116-T2	CBCP00117-T1	CBCP00117-T2	CBCP00118-T1	CBCP00118-T2	CBCP00119-T1	CBCP00119-T2
A[C>A]A	2	1	1	1	0	3	0	0	0	0	1	0	0	2	2	2
A[C>A]C	1	2	2	4	2	1	0	1	3	0	4	5	0	2	1	5
A[C>A]G	10	15	12	5	12	2	11	3	5	2	5	7	8	1	4	7
A[C>A]T	0	4	1	0	0	17	0	4	0	1	2	2	0	2	11	12
C[C>A]A	1	3	1	0	1	3	0	2	1	0	2	2	2	0	1	4
C[C>A]C	3	7	4	1	1	3	1	3	2	3	6	4	2	3	1	5
C[C>A]G	31	22	13	8	16	5	14	3	2	5	6	5	5	7	5	6
C[C>A]T	1	4	2	3	1	9	0	4	2	1	0	2	1	2	9	14
G[C>A]A	20	27	17	6	14	8	12	5	5	2	10	5	7	2	8	8
G[C>A]C	33	27	15	23	20	12	8	6	13	6	7	3	6	3	15	13
G[C>A]G	15	30	12	8	21	2	16	10	9	4	5	1	5	7	17	10
G[C>A]T	21	30	19	14	25	9	12	4	9	3	8	5	7	4	10	7
T[C>A]A	1	3	0	1	3	14	1	6	2	0	1	0	0	1	6	13
T[C>A]C	0	5	2	6	0	5	1	7	2	3	1	5	0	4	1	8
T[C>A]G	25	36	17	11	34	12	17	3	6	4	8	5	7	5	11	7
T[C>A]T	1	6	0	4	0	14	0	2	0	1	3	3	1	0	4	5
A[C>G]A	2	1	0	0	2	0	0	1	0	0	1	1	0	0	0	1
A[C>G]C	0	0	0	0	0	1	0	0	0	0	0	0	0	0	1	0
A[C>G]G	2	0	0	0	1	0	0	3	0	0	0	0	0	0	1	1
A[C>G]T	1	0	0	1	0	1	3	1	0	0	1	0	0	0	1	0
C[C>G]A	0	1	0	1	0	0	1	1	0	0	0	1	0	1	0	0
C[C>G]C	1	0	0	3	0	0	0	2	1	0	0	0	1	0	2	2
C[C>G]G	0	1	0	0	3	1	0	2	2	0	0	1	1	1	0	1
C[C>G]T	0	1	0	0	1	1	0	2	0	2	0	0	0	0	0	3
G[C>G]A	0	0	3	0	1	1	1	0	0	3	1	0	0	1	0	1
G[C>G]C	1	2	0	0	2	1	1	1	0	0	1	0	0	0	0	2
G[C>G]G	0	2	1	0	1	1	2	1	1	0	0	0	2	0	1	1
G[C>G]T	0	1	0	0	0	0	0	2	1	1	0	0	0	0	1	0
T[C>G]A	0	2	0	0	2	0	0	1	1	0	0	1	0	1	2	1
T[C>G]C	0	2	1	0	2	0	0	1	3	0	0	1	0	2	0	0
T[C>G]G	0	2	0	1	0	0	1	0	0	1	0	0	0	1	0	0
T[C>G]T	0	0	2	0	0	0	0	2	1	1	3	0	0	1	0	0
A[C>T]A	0	0	0	0	0	0	0	0	0	0	4	0	0	2	2	1
A[C>T]C	1	0	0	0	0	0	0	0	1	0	0	0	0	0	0	3
A[C>T]G	0	0	1	1	0	0	0	0	0	0	0	0	0	0	2	2
A[C>T]T	0	1	0	0	1	2	0	1	0	0	1	0	0	0	0	0
C[C>T]A	0	1	1	0	0	1	1	1	0	0	1	1	0	0	0	1
C[C>T]C	0	1	0	0	0	1	0	3	0	0	0	1	0	1	1	0
C[C>T]G	1	3	0	0	1	0	1	1	3	0	0	1	0	0	0	1
C[C>T]T	0	1	0	0	1	0	0	0	3	0	0	2	0	0	0	1
G[C>T]A	0	2	0	0	0	0	0	0	0	0	0	0	0	0	2	1
G[C>T]C	1	1	1	3	1	0	0	2	0	0	1	0	0	0	0	0
G[C>T]G	1	0	1	2	1	1	0	3	0	0	0	0	1	1	0	1
G[C>T]T	0	0	0	0	0	0	0	0	0	0	0	0	0	0	0	0
T[C>T]A	1	0	2	0	0	1	0	0	1	0	0	1	0	0	2	1
T[C>T]C	0	2	0	0	2	0	0	1	1	0	0	1	0	1	2	3
T[C>T]G	0	1	1	1	0	1	0	1	1	0	0	0	0	1	0	0
T[C>T]T	0	1	0	4	0	0	0	1	1	0	0	0	1	0	0	0
A[T>A]A	0	2	1	2	1	0	2	1	1	2	2	0	1	3	1	0
A[T>A]C	1	1	0	2	1	0	0	0	1	0	2	3	0	0	0	0
A[T>A]G	2	3	1	1	0	0	0	2	1	2	4	1	1	1	1	0
A[T>A]T	0	0	3	0	0	2	1	3	1	2	1	0	1	0	1	0
C[T>A]A	1	0	1	1	2	1	0	0	2	0	0	3	1	1	1	0
C[T>A]C	2	0	1	1	3	2	0	1	1	1	2	4	3	3	0	1
C[T>A]G	1	2	2	0	3	1	0	3	1	1	4	1	2	0	1	2
C[T>A]T	2	2	0	1	1	2	1	1	3	1	1	3	1	3	4	4
G[T>A]A	0	3	2	1	0	0	2	4	1	1	3	1	1	0	2	1
G[T>A]C	1	3	2	1	2	0	2	3	5	3	4	3	0	3	0	2
G[T>A]G	0	4	1	2	1	3	2	6	3	1	7	5	1	2	0	2
G[T>A]T	2	1	0	0	2	3	0	2	0	0	3	1	0	1	1	1
T[T>A]A	1	1	3	2	2	0	1	2	9	2	3	0	0	0	0	2
T[T>A]C	1	2	3	3	1	1	2	8	2	1	2	3	2	1	0	1
T[T>A]G	0	1	2	1	1	2	0	1	3	1	2	4	1	2	1	0
T[T>A]T	0	0	2	1	1	1	1	0	3	1	1	4	1	0	2	3
A[T>C]A	0	0	0	1	1	0	0	2	2	1	1	1	1	2	1	4
A[T>C]C	0	1	2	0	0	2	0	1	2	1	2	3	1	0	1	1
A[T>C]G	0	1	1	2	2	1	0	3	1	0	3	2	0	2	2	5
A[T>C]T	0	1	1	4	1	4	0	3	7	0	2	2	1	2	2	7
C[T>C]A	0	0	1	1	0	2	0	3	1	0	1	3	1	0	1	2
C[T>C]C	0	2	0	3	2	1	0	0	1	1	1	0	1	1	3	3
C[T>C]G	2	2	1	1	1	1	0	2	1	1	0	2	2	1	0	1
C[T>C]T	1	1	0	1	0	2	0	2	1	0	1	4	1	1	1	4
G[T>C]A	0	2	0	1	1	1	1	1	0	1	1	1	2	1	6	5
G[T>C]C	0	1	0	1	0	1	0	1	0	1	1	2	1	1	1	2
G[T>C]G	0	0	3	0	0	0	0	2	0	0	0	2	0	3	0	2
G[T>C]T	1	2	1	0	1	0	0	2	1	1	4	0	0	3	1	3
T[T>C]A	4	5	0	3	0	6	1	3	2	0	1	3	1	3	7	8
T[T>C]C	0	1	0	0	2	4	0	5	4	1	2	1	1	4	1	5
T[T>C]G	0	3	0	1	0	4	1	1	1	1	1	2	1	0	0	3
T[T>C]T	2	7	0	1	0	10	1	8	5	1	1	4	3	1	11	14
A[T>G]A	0	3	0	2	3	0	1	2	0	1	1	3	2	4	1	4
A[T>G]C	0	0	1	0	0	1	0	1	2	1	1	1	0	3	0	2
A[T>G]G	0	1	0	0	0	0	0	3	0	0	2	0	1	3	3	5
A[T>G]T	0	2	0	0	0	3	0	1	0	0	1	1	2	1	0	6
C[T>G]A	0	0	2	3	0	2	1	5	1	1	1	2	1	1	1	5
C[T>G]C	0	0	1	0	0	3	0	1	0	0	2	1	0	0	1	1
C[T>G]G	0	2	0	0	0	1	1	0	2	1	2	1	0	0	0	3
C[T>G]T	0	0	0	2	0	2	0	0	1	0	1	1	0	0	1	2
G[T>G]A	0	0	0	0	0	1	1	3	3	2	0	0	0	1	0	1
G[T>G]C	1	2	2	0	0	1	1	1	1	1	3	1	0	0	1	3
G[T>G]G	1	0	1	0	1	2	1	1	1	0	2	0	2	1	3	3
G[T>G]T	1	0	0	0	0	0	0	0	0	0	0	1	0	0	1	0
T[T>G]A	0	1	0	0	0	1	0	2	0	1	1	1	0	5	1	1
T[T>G]C	0	1	1	2	0	3	0	0	3	2	0	2	2	1	1	3
T[T>G]G	0	1	2	0	0	0	0	1	0	1	0	1	3	2	0	0
T[T>G]T	0	0	1	0	2	0	0	2	0	0	2	0	0	1	1	2
