	C120215D2C	C30913DClone10	CLONESTE0097	CLONESTE0098	PD21928b2	STE99CLONE
A[C>A]A	34	21	17	3	27	4
A[C>A]C	9	6	9	3	10	1
A[C>A]G	19	8	13	5	15	0
A[C>A]T	17	6	10	8	16	2
C[C>A]A	16	6	5	2	11	0
C[C>A]C	5	3	6	2	5	1
C[C>A]G	8	2	3	1	3	0
C[C>A]T	7	4	3	3	7	3
G[C>A]A	22	8	11	3	15	1
G[C>A]C	8	4	3	3	6	1
G[C>A]G	8	6	7	2	7	2
G[C>A]T	5	8	4	4	10	1
T[C>A]A	20	18	10	8	21	1
T[C>A]C	8	0	7	4	9	3
T[C>A]G	12	6	6	8	8	2
T[C>A]T	11	3	12	8	11	4
A[C>G]A	10	4	4	1	4	0
A[C>G]C	5	3	3	1	2	0
A[C>G]G	1	0	1	1	1	0
A[C>G]T	10	2	5	3	3	2
C[C>G]A	1	5	5	2	2	0
C[C>G]C	7	5	0	0	4	1
C[C>G]G	2	2	2	2	2	0
C[C>G]T	9	1	4	4	4	0
G[C>G]A	3	2	4	1	1	2
G[C>G]C	7	1	2	0	2	0
G[C>G]G	1	4	1	0	0	1
G[C>G]T	1	5	2	1	0	0
T[C>G]A	6	4	2	3	7	0
T[C>G]C	11	2	6	0	5	2
T[C>G]G	5	0	2	1	3	0
T[C>G]T	14	10	6	7	13	0
A[C>T]A	8	7	3	4	7	2
A[C>T]C	5	4	3	2	4	1
A[C>T]G	8	2	2	1	7	0
A[C>T]T	9	2	9	3	8	3
C[C>T]A	6	1	2	0	2	1
C[C>T]C	3	1	5	1	3	0
C[C>T]G	4	3	3	1	6	0
C[C>T]T	3	0	4	1	3	0
G[C>T]A	15	3	6	1	4	0
G[C>T]C	5	3	4	1	2	1
G[C>T]G	7	4	0	0	4	0
G[C>T]T	3	1	4	2	3	1
T[C>T]A	8	5	7	7	6	4
T[C>T]C	3	3	2	4	4	2
T[C>T]G	5	1	1	2	3	1
T[C>T]T	11	5	2	2	8	3
A[T>A]A	10	11	19	6	23	5
A[T>A]C	8	5	6	5	8	1
A[T>A]G	6	7	3	3	12	1
A[T>A]T	15	6	6	4	19	2
C[T>A]A	15	3	10	6	12	0
C[T>A]C	16	3	3	2	10	1
C[T>A]G	1	4	4	2	4	0
C[T>A]T	10	2	6	3	11	0
G[T>A]A	12	6	8	2	17	1
G[T>A]C	10	1	2	3	5	0
G[T>A]G	3	2	1	0	4	0
G[T>A]T	3	3	2	0	8	1
T[T>A]A	11	7	12	6	9	0
T[T>A]C	13	7	8	2	7	2
T[T>A]G	4	5	9	3	7	0
T[T>A]T	9	10	19	7	28	5
A[T>C]A	5	2	4	1	2	0
A[T>C]C	2	0	1	0	4	0
A[T>C]G	2	3	1	0	5	0
A[T>C]T	5	5	0	0	2	1
C[T>C]A	4	5	0	0	1	0
C[T>C]C	10	1	0	0	2	0
C[T>C]G	1	3	0	0	4	0
C[T>C]T	7	5	5	2	4	0
G[T>C]A	3	2	1	3	4	1
G[T>C]C	4	3	1	0	4	1
G[T>C]G	0	9	1	0	2	1
G[T>C]T	4	3	4	0	6	0
T[T>C]A	5	7	0	5	3	0
T[T>C]C	5	0	1	4	2	0
T[T>C]G	2	5	2	2	2	0
T[T>C]T	14	5	6	5	10	0
A[T>G]A	19	13	23	17	29	5
A[T>G]C	18	11	7	10	13	4
A[T>G]G	21	8	69	46	93	6
A[T>G]T	10	7	10	10	18	2
C[T>G]A	18	7	11	11	20	6
C[T>G]C	19	10	18	6	15	3
C[T>G]G	13	7	28	21	60	4
C[T>G]T	27	18	14	10	24	1
G[T>G]A	11	11	53	48	102	15
G[T>G]C	19	9	34	22	59	5
G[T>G]G	8	4	52	35	113	3
G[T>G]T	16	5	35	19	39	6
T[T>G]A	17	14	15	7	19	1
T[T>G]C	28	18	13	10	24	5
T[T>G]G	10	5	29	19	44	5
T[T>G]T	22	9	12	7	25	3
