sample	category	value
CBCP00111-T1	MYC	Baseline
CBCP00111-T1	MYC	Allelic amplification
CBCP00112-T1	MYC	Baseline
CBCP00113-T1	MYC	Allelic amplification
CBCP00114-T1	MYC	Allelic amplification
CBCP00116-T1	MYC	aCN = 0
CBCP00116-T1	MYC	Baseline
CBCP00117-T1	MYC	Baseline
CBCP00118-T1	MYC	Allelic amplification
CBCP00119-T1	MYC	Allelic deletion
CBCP00111-T2	MYC	Baseline
CBCP00111-T2	MYC	Allelic amplification
CBCP00112-T2	MYC	Baseline
CBCP00113-T2	MYC	Allelic amplification
CBCP00114-T2	MYC	Allelic amplification
CBCP00116-T2	MYC	Baseline
CBCP00117-T2	MYC	Baseline
CBCP00118-T2	MYC	Allelic amplification
CBCP00119-T2	MYC	Allelic deletion
CBCP00111-T1	CDKN2A	Complex
CBCP00112-T1	CDKN2A	aCN = 0
CBCP00113-T1	CDKN2A	aCN = 0
CBCP00114-T1	CDKN2A	Baseline
CBCP00116-T1	CDKN2A	aCN = 0
CBCP00117-T1	CDKN2A	Allelic amplification
CBCP00118-T1	CDKN2A	aCN = 0
CBCP00119-T1	CDKN2A	Baseline
CBCP00111-T2	CDKN2A	Complex
CBCP00112-T2	CDKN2A	aCN = 0
CBCP00113-T2	CDKN2A	aCN = 0
CBCP00114-T2	CDKN2A	Baseline
CBCP00116-T2	CDKN2A	aCN = 0
CBCP00117-T2	CDKN2A	Allelic amplification
CBCP00118-T2	CDKN2A	aCN = 0
CBCP00119-T2	CDKN2A	Baseline
CBCP00111-T1	TP53	Allelic deletion
CBCP00112-T1	TP53	Baseline
CBCP00113-T1	TP53	Baseline
CBCP00114-T1	TP53	Baseline
CBCP00116-T1	TP53	Allelic deletion
CBCP00117-T1	TP53	Baseline
CBCP00118-T1	TP53	aCN = 0
CBCP00119-T1	TP53	Baseline
CBCP00111-T2	TP53	Allelic deletion
CBCP00112-T2	TP53	Baseline
CBCP00113-T2	TP53	Baseline
CBCP00114-T2	TP53	Baseline
CBCP00116-T2	TP53	Allelic deletion
CBCP00117-T2	TP53	Baseline
CBCP00118-T2	TP53	aCN = 0
CBCP00119-T2	TP53	Baseline
